ticker,name,sector
AARD,AARD Inc,Biotechnology
ABCL,ABCL Inc,Biotechnology
ABSI,ABSI Inc,Biotechnology
ABUS,ABUS Inc,Biotechnology
ABVX,ABVX Inc,Biotechnology
ACAD,ACAD Inc,Biotechnology
ACIU,ACIU Inc,Biotechnology
ACLX,ACLX Inc,Biotechnology
ACRS,ACRS Inc,Biotechnology
ADCT,ADCT Inc,Biotechnology
ADMA,ADMA Inc,Biotechnology
ADPT,ADPT Inc,Biotechnology
AGIO,AGIO Inc,Biotechnology
AKRO,AKRO Inc,Biotechnology
ALKS,ALKS Inc,Biotechnology
ALLO,ALLO Inc,Biotechnology
ALMS,ALMS Inc,Biotechnology
ALNY,ALNY Inc,Biotechnology
ALT,ALT Inc,Biotechnology
ALVO,ALVO Inc,Biotechnology
AMGN,AMGN Inc,Biotechnology
AMLX,AMLX Inc,Biotechnology
AMPH,AMPH Inc,Biotechnology
AMRX,AMRX Inc,Biotechnology
ANAB,ANAB Inc,Biotechnology
ANIP,ANIP Inc,Biotechnology
ANNX,ANNX Inc,Biotechnology
ANRO,ANRO Inc,Biotechnology
APGE,APGE Inc,Biotechnology
APLS,APLS Inc,Biotechnology
AQST,AQST Inc,Biotechnology
ARCT,ARCT Inc,Biotechnology
ARDX,ARDX Inc,Biotechnology
ARGX,ARGX Inc,Biotechnology
ARQT,ARQT Inc,Biotechnology
ARVN,ARVN Inc,Biotechnology
ARWR,ARWR Inc,Biotechnology
ASND,ASND Inc,Biotechnology
ATAI,ATAI Inc,Biotechnology
ATXS,ATXS Inc,Biotechnology
AUPH,AUPH Inc,Biotechnology
AURA,AURA Inc,Biotechnology
AUTL,AUTL Inc,Biotechnology
AVBP,AVBP Inc,Biotechnology
AVIR,AVIR Inc,Biotechnology
AVTR,AVTR Inc,Biotechnology
AVXL,AVXL Inc,Biotechnology
AXSM,AXSM Inc,Biotechnology
AZN,AZN Inc,Biotechnology
BBIO,BBIO Inc,Biotechnology
BBOT,BBOT Inc,Biotechnology
BCAX,BCAX Inc,Biotechnology
BCRX,BCRX Inc,Biotechnology
BCYC,BCYC Inc,Biotechnology
BDTX,BDTX Inc,Biotechnology
BEAM,BEAM Inc,Biotechnology
BGXX,BGXX Inc,Biotechnology
BHVN,BHVN Inc,Biotechnology
BIIB,BIIB Inc,Biotechnology
BIOA,BIOA Inc,Biotechnology
BMRN,BMRN Inc,Biotechnology
BNTX,BNTX Inc,Biotechnology
BRKR,BRKR Inc,Biotechnology
CABA,CABA Inc,Biotechnology
CADL,CADL Inc,Biotechnology
CAI,CAI Inc,Biotechnology
CATX,CATX Inc,Biotechnology
CCCC,CCCC Inc,Biotechnology
CDNA,CDNA Inc,Biotechnology
CDXS,CDXS Inc,Biotechnology
CGEM,CGEM Inc,Biotechnology
CGON,CGON Inc,Biotechnology
CHRS,CHRS Inc,Biotechnology
CLDX,CLDX Inc,Biotechnology
CLLS,CLLS Inc,Biotechnology
CMPS,CMPS Inc,Biotechnology
CNTA,CNTA Inc,Biotechnology
COGT,COGT Inc,Biotechnology
COLL,COLL Inc,Biotechnology
CRBU,CRBU Inc,Biotechnology
CRL,CRL Inc,Biotechnology
CRMD,CRMD Inc,Biotechnology
CRNX,CRNX Inc,Biotechnology
CRSP,CRSP Inc,Biotechnology
CRVS,CRVS Inc,Biotechnology
CSTL,CSTL Inc,Biotechnology
CTKB,CTKB Inc,Biotechnology
CTMX,CTMX Inc,Biotechnology
CTNM,CTNM Inc,Biotechnology
CVAC,CVAC Inc,Biotechnology
CYTK,CYTK Inc,Biotechnology
DAWN,DAWN Inc,Biotechnology
DNA,DNA Inc,Biotechnology
DNLI,DNLI Inc,Biotechnology
DRMA,DRMA Inc,Biotechnology
DSGN,DSGN Inc,Biotechnology
DVAX,DVAX Inc,Biotechnology
DYN,DYN Inc,Biotechnology
EBS,EBS Inc,Biotechnology
EDIT,EDIT Inc,Biotechnology
ELVN,ELVN Inc,Biotechnology
ENTA,ENTA Inc,Biotechnology
EOLS,EOLS Inc,Biotechnology
EPRX,EPRX Inc,Biotechnology
ERAS,ERAS Inc,Biotechnology
ESPR,ESPR Inc,Biotechnology
ETON,ETON Inc,Biotechnology
EWTX,EWTX Inc,Biotechnology
EXEL,EXEL Inc,Biotechnology
EYPT,EYPT Inc,Biotechnology
FATE,FATE Inc,Biotechnology
FDMT,FDMT Inc,Biotechnology
FGEN,FGEN Inc,Biotechnology
FHTX,FHTX Inc,Biotechnology
FLGT,FLGT Inc,Biotechnology
FOLD,FOLD Inc,Biotechnology
FTRE,FTRE Inc,Biotechnology
FULC,FULC Inc,Biotechnology
GERN,GERN Inc,Biotechnology
GH,GH Inc,Biotechnology
GHRS,GHRS Inc,Biotechnology
GILD,GILD Inc,Biotechnology
GLPG,GLPG Inc,Biotechnology
GLUE,GLUE Inc,Biotechnology
GMAB,GMAB Inc,Biotechnology
GOSS,GOSS Inc,Biotechnology
GPCR,GPCR Inc,Biotechnology
GRAL,GRAL Inc,Biotechnology
GRFS,GRFS Inc,Biotechnology
HALO,HALO Inc,Biotechnology
HRMY,HRMY Inc,Biotechnology
HROW,HROW Inc,Biotechnology
HRTX,HRTX Inc,Biotechnology
HUMA,HUMA Inc,Biotechnology
IBRX,IBRX Inc,Biotechnology
IDYA,IDYA Inc,Biotechnology
ILMN,ILMN Inc,Biotechnology
IMCR,IMCR Inc,Biotechnology
IMMP,IMMP Inc,Biotechnology
IMRX,IMRX Inc,Biotechnology
IMVT,IMVT Inc,Biotechnology
INBX,INBX Inc,Biotechnology
INCY,INCY Inc,Biotechnology
INDV,INDV Inc,Biotechnology
INSM,INSM Inc,Biotechnology
INVA,INVA Inc,Biotechnology
IONS,IONS Inc,Biotechnology
IOVA,IOVA Inc,Biotechnology
IRON,IRON Inc,Biotechnology
IRWD,IRWD Inc,Biotechnology
IVVD,IVVD Inc,Biotechnology
JANX,JANX Inc,Biotechnology
JAZZ,JAZZ Inc,Biotechnology
KALA,KALA Inc,Biotechnology
KALV,KALV Inc,Biotechnology
KMDA,KMDA Inc,Biotechnology
KNSA,KNSA Inc,Biotechnology
KOD,KOD Inc,Biotechnology
KROS,KROS Inc,Biotechnology
KRYS,KRYS Inc,Biotechnology
KURA,KURA Inc,Biotechnology
KYMR,KYMR Inc,Biotechnology
KYTX,KYTX Inc,Biotechnology
LAB,LAB Inc,Biotechnology
LCTX,LCTX Inc,Biotechnology
LEGN,LEGN Inc,Biotechnology
LENZ,LENZ Inc,Biotechnology
LFCR,LFCR Inc,Biotechnology
LGND,LGND Inc,Biotechnology
LQDA,LQDA Inc,Biotechnology
LRMR,LRMR Inc,Biotechnology
LXEO,LXEO Inc,Biotechnology
LYEL,LYEL Inc,Biotechnology
MAZE,MAZE Inc,Biotechnology
MBX,MBX Inc,Biotechnology
MCRB,MCRB Inc,Biotechnology
MDGL,MDGL Inc,Biotechnology
MEDP,MEDP Inc,Biotechnology
MENS,MENS Inc,Biotechnology
MESO,MESO Inc,Biotechnology
MGTX,MGTX Inc,Biotechnology
MIRM,MIRM Inc,Biotechnology
MLYS,MLYS Inc,Biotechnology
MNKD,MNKD Inc,Biotechnology
MNMD,MNMD Inc,Biotechnology
MRNA,MRNA Inc,Biotechnology
MRSN,MRSN Inc,Biotechnology
MRVI,MRVI Inc,Biotechnology
MYGN,MYGN Inc,Biotechnology
NAMS,NAMS Inc,Biotechnology
NBIX,NBIX Inc,Biotechnology
NBP,NBP Inc,Biotechnology
NGNE,NGNE Inc,Biotechnology
NMRA,NMRA Inc,Biotechnology
NRIX,NRIX Inc,Biotechnology
NTLA,NTLA Inc,Biotechnology
NTRA,NTRA Inc,Biotechnology
NUVB,NUVB Inc,Biotechnology
NUVL,NUVL Inc,Biotechnology
NVAX,NVAX Inc,Biotechnology
NVCR,NVCR Inc,Biotechnology
OABI,OABI Inc,Biotechnology
OBIO,OBIO Inc,Biotechnology
OCGN,OCGN Inc,Biotechnology
OCUL,OCUL Inc,Biotechnology
OLMA,OLMA Inc,Biotechnology
OMER,OMER Inc,Biotechnology
ONC,ONC Inc,Biotechnology
OPCH,OPCH Inc,Biotechnology
OPK,OPK Inc,Biotechnology
ORIC,ORIC Inc,Biotechnology
ORKA,ORKA Inc,Biotechnology
PACB,PACB Inc,Biotechnology
PAHC,PAHC Inc,Biotechnology
PBYI,PBYI Inc,Biotechnology
PCRX,PCRX Inc,Biotechnology
PCVX,PCVX Inc,Biotechnology
PEPG,PEPG Inc,Biotechnology
PGEN,PGEN Inc,Biotechnology
PHAT,PHAT Inc,Biotechnology
PHVS,PHVS Inc,Biotechnology
PRAX,PRAX Inc,Biotechnology
PRME,PRME Inc,Biotechnology
PRTA,PRTA Inc,Biotechnology
PRVA,PRVA Inc,Biotechnology
PSNL,PSNL Inc,Biotechnology
PTCT,PTCT Inc,Biotechnology
PTGX,PTGX Inc,Biotechnology
PYXS,PYXS Inc,Biotechnology
QSI,QSI Inc,Biotechnology
QTRX,QTRX Inc,Biotechnology
QURE,QURE Inc,Biotechnology
RANI,RANI Inc,Biotechnology
RAPP,RAPP Inc,Biotechnology
RAPT,RAPT Inc,Biotechnology
RARE,RARE Inc,Biotechnology
RCKT,RCKT Inc,Biotechnology
RCUS,RCUS Inc,Biotechnology
REGN,REGN Inc,Biotechnology
REPL,REPL Inc,Biotechnology
RGEN,RGEN Inc,Biotechnology
RGNX,RGNX Inc,Biotechnology
RIGL,RIGL Inc,Biotechnology
RLAY,RLAY Inc,Biotechnology
RNA,RNA Inc,Biotechnology
ROIV,ROIV Inc,Biotechnology
RPRX,RPRX Inc,Biotechnology
RVMD,RVMD Inc,Biotechnology
RXRX,RXRX Inc,Biotechnology
RYTM,RYTM Inc,Biotechnology
SANA,SANA Inc,Biotechnology
SEPN,SEPN Inc,Biotechnology
SGMO,SGMO Inc,Biotechnology
SGMT,SGMT Inc,Biotechnology
SIGA,SIGA Inc,Biotechnology
SION,SION Inc,Biotechnology
SLDB,SLDB Inc,Biotechnology
SLN,SLN Inc,Biotechnology
SMMT,SMMT Inc,Biotechnology
SNDX,SNDX Inc,Biotechnology
SNY,SNY Inc,Biotechnology
SPRY,SPRY Inc,Biotechnology
SRPT,SRPT Inc,Biotechnology
SRRK,SRRK Inc,Biotechnology
STOK,STOK Inc,Biotechnology
STRO,STRO Inc,Biotechnology
STVN,STVN Inc,Biotechnology
SUPN,SUPN Inc,Biotechnology
SVRA,SVRA Inc,Biotechnology
SYRE,SYRE Inc,Biotechnology
TARS,TARS Inc,Biotechnology
TBPH,TBPH Inc,Biotechnology
TECH,TECH Inc,Biotechnology
TECX,TECX Inc,Biotechnology
TEM,TEM Inc,Biotechnology
TERN,TERN Inc,Biotechnology
TGTX,TGTX Inc,Biotechnology
TKNO,TKNO Inc,Biotechnology
TNGX,TNGX Inc,Biotechnology
TNYA,TNYA Inc,Biotechnology
TRDA,TRDA Inc,Biotechnology
TRVI,TRVI Inc,Biotechnology
TSHA,TSHA Inc,Biotechnology
TVTX,TVTX Inc,Biotechnology
TWST,TWST Inc,Biotechnology
TXG,TXG Inc,Biotechnology
TYRA,TYRA Inc,Biotechnology
UPB,UPB Inc,Biotechnology
URGN,URGN Inc,Biotechnology
UTHR,UTHR Inc,Biotechnology
VCEL,VCEL Inc,Biotechnology
VCYT,VCYT Inc,Biotechnology
VERA,VERA Inc,Biotechnology
VIR,VIR Inc,Biotechnology
VNDA,VNDA Inc,Biotechnology
VOR,VOR Inc,Biotechnology
VRTX,VRTX Inc,Biotechnology
VTRS,VTRS Inc,Biotechnology
VTYX,VTYX Inc,Biotechnology
VYGR,VYGR Inc,Biotechnology
WVE,WVE Inc,Biotechnology
XENE,XENE Inc,Biotechnology
XERS,XERS Inc,Biotechnology
XNCR,XNCR Inc,Biotechnology
ZBIO,ZBIO Inc,Biotechnology
ZLAB,ZLAB Inc,Biotechnology
ZVRA,ZVRA Inc,Biotechnology
ZYME,ZYME Inc,Biotechnology
